{
  "get_proxy_block_number": {
    "module": "proxy",
    "kwargs": {}
  },
  "get_proxy_block_by_number": {
    "module": "proxy",
    "kwargs": {
      "tag": "0x10d4f"
    }
  },
  "_get_proxy_uncle_by_block_number_and_index": {
    "module": "proxy",
    "kwargs": {
      "tag": "0x210A9B",
      "index": "0x0"
    }
  },
  "get_proxy_block_transaction_count_by_number": {
    "module": "proxy",
    "kwargs": {
      "tag": "0x10FB78"
    }
  },
  "get_proxy_transaction_by_hash": {
    "module": "proxy",
    "kwargs": {
      "txhash": "0x1e2910a262b1008d0616a0beb24c1a491d78771baa54a33e66065e03b1f46bc1"
    }
  },
  "get_proxy_transaction_by_block_number_and_index": {
    "module": "proxy",
    "kwargs": {
      "tag": "0x210A9B",
      "index": "0x0"
    }
  },
  "get_proxy_transaction_count": {
    "module": "proxy",
    "kwargs": {
      "address": "0x2910543af39aba0cd09dbb2d50200b3e800a63d2"
    }
  },
  "get_proxy_transaction_receipt": {
    "module": "proxy",
    "kwargs": {
      "txhash": "0x1e2910a262b1008d0616a0beb24c1a491d78771baa54a33e66065e03b1f46bc1"
    }
  },
  "get_proxy_call": {
    "module": "proxy",
    "kwargs": {
      "to": "0xAEEF46DB4855E25702F8237E8f403FddcaF931C0",
      "data": "0x70a08231000000000000000000000000e16359506c028e51f16be38986ec5746251e9724"
    }
  },
  "get_proxy_code_at": {
    "module": "proxy",
    "kwargs": {
      "address": "0xf75e354c5edc8efed9b59ee9f67a80845ade7d0c"
    }
  },
  "get_proxy_storage_position_at": {
    "module": "proxy",
    "kwargs": {
      "position": "0x0",
      "address": "0x6e03d9cce9d60f3e9f2597e13cd4c54c55330cfd"
    }
  },
  "get_proxy_gas_price": {
    "module": "proxy",
    "kwargs": {}
  },
  "get_proxy_est_gas": {
    "module": "proxy",
    "kwargs": {
      "data": "0x4e71d92d",
      "to": "0xf0160428a8552ac9bb7e050d90eeade4ddd52843",
      "value": "0xff22",
      "gas_price": "0x51da038cc",
      "gas": "0x5f5e0ff"
    }
  },
  "get_est_confirmation_time": {
    "module": "gastracker",
    "kwargs": {
      "gas_price": "2000000000"
    }
  },
  "get_gas_oracle": {
    "module": "gastracker",
    "kwargs": {}
  },
  "get_block_reward_by_block_number": {
    "module": "blocks",
    "kwargs": {
      "block_no": "2165403"
    }
  },
  "get_est_block_countdown_time_by_block_number": {
    "module": "blocks",
    "kwargs": {
      "block_no": "99999999"
    }
  },
  "get_block_number_by_timestamp": {
    "module": "blocks",
    "kwargs": {
      "timestamp": "1578638524",
      "closest": "before"
    }
  },
  "get_total_eth_supply": {
    "module": "stats",
    "kwargs": {}
  },
  "get_eth_last_price": {
    "module": "stats",
    "kwargs": {}
  },
  "_get_eth_nodes_size": {
    "module": "stats",
    "kwargs": {
      "start_date": "2019-02-01",
      "end_date": "2019-02-28",
      "client_type": "geth",
      "sync_mode": "default",
      "sort": "asc"
    }
  },
  "get_total_supply_by_contract_address": {
    "module": "tokens",
    "kwargs": {
      "contract_address": "0x57d90b64a1a57749b0f932f1a3395792e12e7055"
    }
  },
  "get_acc_balance_by_token_and_contract_address": {
    "module": "tokens",
    "kwargs": {
      "contract_address": "0x57d90b64a1a57749b0f932f1a3395792e12e7055",
      "address": "0xe04f27eb70e025b78871a2ad7eabe85e61212761"
    }
  },
  "get_contract_abi": {
    "module": "contracts",
    "kwargs": {
      "address": "0x748D03fb181A158bea396489eA6589E7dCfBA495"
    }
  },
  "get_contract_source_code": {
    "module": "contracts",
    "kwargs": {
      "address": "0xBB9bc244D798123fDe783fCc1C72d3Bb8C189413"
    }
  },
  "get_contract_execution_status": {
    "module": "transactions",
    "kwargs": {
      "txhash": "0x15f8e5ea1079d9a0bb04a4c58ae5fe7654b5b2b4463375ff7ffb490aa0032f3a"
    }
  },
  "get_tx_receipt_status": {
    "module": "transactions",
    "kwargs": {
      "txhash": "0x513c1ba0bebf66436b5fed86ab668452b7805593c05073eb2d51d3a52f480a76"
    }
  },
  "get_eth_balance": {
    "module": "accounts",
    "kwargs": {
      "address": "0xddbd2b932c763ba5b1b7ae3b362eac3e8d40121a"
    }
  },
  "get_eth_balance_multiple": {
    "module": "accounts",
    "kwargs": {
      "addresses": [
        "0xddbd2b932c763ba5b1b7ae3b362eac3e8d40121a",
        "0x63a9975ba31b0b9626b34300f7f627147df1f526",
        "0x198ef1ec325a96cc354c7266a038be8b5c558f67"
      ]
    }
  },
  "get_normal_txs_by_address": {
    "module": "accounts",
    "kwargs": {
      "address": "0xff6872f2c89ac60fbc1fc977a9724555b9796154",
      "startblock": 0,
      "endblock": 99999999,
      "sort": "asc"
    }
  },
  "get_normal_txs_by_address_paginated": {
    "module": "accounts",
    "kwargs": {
      "address": "0xff6872f2c89ac60fbc1fc977a9724555b9796154",
      "startblock": 0,
      "endblock": 99999999,
      "page": 1,
      "offset": 10,
      "sort": "asc"
    }
  },
  "get_internal_txs_by_address": {
    "module": "accounts",
    "kwargs": {
      "address": "0x126c5b0b637340569ee98c768e97992ea2fa426d",
      "startblock": 4397831,
      "endblock": 4397831,
      "sort": "asc"
    }
  },
  "get_internal_txs_by_address_paginated": {
    "module": "accounts",
    "kwargs": {
      "address": "0x126c5b0b637340569ee98c768e97992ea2fa426d",
      "startblock": 4397831,
      "endblock": 4397831,
      "page": 1,
      "offset": 10,
      "sort": "asc"
    }
  },
  "get_internal_txs_by_txhash": {
    "module": "accounts",
    "kwargs": {
      "txhash": "0x1b71be923f0dcb1f4a196d340d868ff0b35f494e7f3f6575b81812b0824696bb"
    }
  },
  "get_internal_txs_by_block_range_paginated": {
    "module": "accounts",
    "kwargs": {
      "startblock": 0,
      "endblock": 2702578,
      "page": 1,
      "offset": 10,
      "sort": "asc"
    }
  },
  "get_erc20_token_transfer_events_by_address": {
    "module": "accounts",
    "kwargs": {
      "address": "0x9fc8720759bf397bdc13ae08760a7aea7ebbdf56",
      "startblock": 0,
      "endblock": 999999999,
      "sort": "asc"
    }
  },
  "get_erc20_token_transfer_events_by_contract_address_paginated": {
    "module": "accounts",
    "kwargs": {
      "contract_address": "0x2ac3c1d3e24b45c6c310534bc2dd84b5ed576335",
      "page": 1,
      "offset": 100,
      "sort": "asc"
    }
  },
  "get_erc20_token_transfer_events_by_address_and_contract_paginated": {
    "module": "accounts",
    "kwargs": {
      "contract_address": "0x2ac3c1d3e24b45c6c310534bc2dd84b5ed576335",
      "address": "0x9fc8720759bf397bdc13ae08760a7aea7ebbdf56",
      "page": 1,
      "offset": 100,
      "sort": "asc"
    }
  },
  "get_erc721_token_transfer_events_by_address": {
    "module": "accounts",
    "kwargs": {
      "address": "0x3b2f32d32faabd8d94df36afb956bd4d34bf905c",
      "startblock": 0,
      "endblock": 999999999,
      "sort": "asc"
    }
  },
  "get_erc721_token_transfer_events_by_contract_address_paginated": {
    "module": "accounts",
    "kwargs": {
      "contract_address": "0xe5975e7dc3dfbb4cbede646b8af7cf292b46693e",
      "page": 1,
      "offset": 100,
      "sort": "asc"
    }
  },
  "get_erc721_token_transfer_events_by_address_and_contract_paginated": {
    "module": "accounts",
    "kwargs": {
      "contract_address": "0xe5975e7dc3dfbb4cbede646b8af7cf292b46693e",
      "address": "0x3b2f32d32faabd8d94df36afb956bd4d34bf905c",
      "page": 1,
      "offset": 100,
      "sort": "asc"
    }
  },
  "get_mined_blocks_by_address": {
    "module": "accounts",
    "kwargs": {
      "address": "0x0000000000000000000000000000000000000000"
    }
  },
  "get_mined_blocks_by_address_paginated": {
    "module": "accounts",
    "kwargs": {
      "address": "0x0000000000000000000000000000000000000000",
      "page": 1,
      "offset": 100
    }
  }
}